7,ABIDE
44,ABSORPTION
58,ACCEDE
64,ACCEPTANCE
76,ACCOMPANY#1
115,ACQUAINTANCE
163,ADHERENCE
164,ADHERENT
185,ADMIRE
196,ADOPT#1
197,ADOPT#2
225,ADVICE
227,ADVISE
231,ADVOCACY
238,AFFAIR#2
242,AFFECTION
243,AFFECTIONATE
244,AFFILIATE
245,AFFILIATION
251,AFFIX
298,AGREE#1
299,AGREE#2
301,AGREEMENT
305,AID#1
306,AID#2
341,ALIENATE
368,ALLEGIANCE
369,ALLEVIATE
371,ALLIED
372,ALLIES
382,ALLY#1
383,ALLY#2
390,ALONG#2
391,ALONG#3
407,ALTRUISTIC
428,AMELIORATE
431,AMENABLE
438,AMIABILITY
439,AMIABLE
440,AMICABLE
474,ANGEL
475,ANGELIC
498,ANOINT
521,ANTITRUST
548,APOLOGY
554,APPEAL#1
555,APPEAL#2
556,APPEAL#3
580,APPRECIATE
581,APPRECIATION
591,APPROVAL
592,APPROVE#1
593,APPROVE#2
601,ARBITER
603,ARBITRATE
604,ARBITRATION
610,ARDENT
638,ARMISTICE
687,ASCRIBE
709,ASSENT
716,ASSET
721,ASSIST#1
722,ASSIST#2
723,ASSISTANCE
728,ASSOCIATION#1
733,ASSURANCE
762,ATTACHMENT
783,ATTRACT
784,ATTRACTION
867,BABY#3
870,BACK#2
873,BACK#5
880,BACKING
914,BAND#2
920,BANISHMENT
928,BANQUET
931,BAPTISM
932,BAPTIZE
1009,BECKON
1025,BEFRIEND
1033,BEHALF
1056,BELOVED
1068,BENEFIT#2
1072,BENIGN
1154,BLESS#1
1220,BOLSTER
1226,BOND
1236,BOOT
1332,BRIDE
1342,BRING#2
1369,BROTHER
1370,BROTHERHOOD
1371,BROTHERLY
1385,BUDDY
1408,BUOYANT
1462,CALL#4
1526,CARE#1
1527,CARE#2
1535,CARESS#1
1536,CARESS#2
1591,CELEBRATION
1672,CHARM#1
1673,CHARM#2
1696,CHEER
1704,CHERISH#2
1823,CLIQUE
1827,CLOSE#1
1843,CLUB#1
1854,CO-OPERATION
1859,COACH#2
1862,COALITION
1875,CODDLE
1888,COHESION
1891,COHORT
1902,COLLABORATE
1903,COLLABORATION
1909,COLLEAGUE
1920,COLLUSION
1954,COMFORT#2
1955,COMFORT#3
1967,COMMEND
1968,COMMENDABLE
1969,COMMENDATION
1976,COMMISSION
1981,COMMITMENT
1983,COMMODIOUS
1985,COMMON#1
1998,COMMUNAL
1999,COMMUNE
2004,COMMUNION
2008,COMMUNITY
2010,COMPANION
2011,COMPANIONSHIP
2013,COMPANY#2
2021,COMPASSION
2022,COMPASSIONATE
2023,COMPATIBLE
2050,COMPLIANCE
2055,COMPLIMENT
2102,CONCUR
2117,CONDONE
2118,CONDUCIVE
2125,CONFEDERATE
2126,CONFEDERATION
2131,CONFIDANT
2132,CONFIDE
2134,CONFIDENCE#2
2160,CONGENIAL
2164,CONGRATULATE
2165,CONGRATULATION
2166,CONGRATULATORY
2167,CONGREGATE
2188,CONSENSUS
2211,CONSOLE
2216,CONSPIRATOR
2217,CONSPIRE
2241,CONTACT#1
2286,CONTRIBUTE#1
2287,CONTRIBUTE#2
2288,CONTRIBUTION
2289,CONTRIBUTOR
2298,CONVENE
2326,COOPERATE
2327,COOPERATION
2328,COOPERATIVE#1
2329,COOPERATIVE#2
2330,COOPERATIVE#3
2332,COORDINATION
2382,COUNSEL#2
2398,COUPLE#2
2406,COURT#2
2408,COURTEOUS
2409,COURTESY
2412,COVENANT
2448,CREDENTIALS
2496,CROSS#_10
2515,CRUSADE
2516,CRUSADER
2546,CURE#2
2603,DARLING
2610,DATE#4
2638,DEAR#1
2639,DEAR#2
2703,DEFEND
2705,DEFENDER
2706,DEFENSE
2832,DESERTION
2833,DESERVE
2905,DEVOTION
2906,DEVOUT
2915,DICTATE
2917,DICTATORIAL
2979,DISARMAMENT
2992,DISCIPLE
3081,DISSENT
3082,DISSENTION
3084,DISSOLUTION
3139,DOCTOR#2
3460,EMBRACE#1
3461,EMBRACE#2
3491,ENCHANT#2
3497,ENCOUNTER#2
3498,ENCOURAGE#1
3500,ENCOURAGEMENT
3510,ENDEAR
3513,ENDORSE
3527,ENGAGE#2
3529,ENGAGE#4
3569,ENTERTAIN#1
3572,ENTHUSIASM
3573,ENTHUSIASTIC
3624,ESOTERIC
3736,EXCOMMUNICATION
3755,EXILE
3772,EXPEL
3815,EXTEND#2
3857,FACILITATE
3883,FAITH#2
3888,FALL#2
3895,FALL#9
3910,FAN#1
3926,FAREWELL
3936,FASCIST
3952,FATHER
3957,FAVOR#1
3960,FAVOR#4
3961,FAVOR#5
3962,FAVORABLE
3963,FAVORITE
3975,FEAST#2
3984,FEDERAL
3986,FEDERATION
3989,FEED#1
4002,FELL#2
4006,FELL#6
4008,FELLOW#2
4009,FELLOWSHIP
4021,FERVENT
4023,FERVOR
4024,FESTIVAL
4045,FIDELITY
4070,FILIAL
4153,FLATTER
4154,FLATTERY
4227,FOND#1
4228,FOND#2
4229,FOND#3
4230,FOND#4
4231,FOND#5
4232,FOND#6
4233,FOND#7
4273,FORGAVE
4276,FORGIVE
4277,FORGIVEN
4318,FOSTER
4371,FRIEND
4373,FRIENDLY
4374,FRIENDSHIP
4435,FUNERAL
4511,GENERATE
4517,GENIAL
4519,GENTLE
4541,GET#9
4551,GIFT
4558,GIVE#1
4561,GIVE#4
4562,GIVE#5
4566,GIVER
4568,GLAD#2
4595,GLORIFY
4610,GO#7
4627,GONE#7
4637,GOODBYE
4644,GOSSIP#2
4655,GRACIOUS
4678,GRANT#2
4686,GRATEFUL
4716,GREET#1
4717,GREET#2
4721,GRIEF
4726,GRIN#1
4727,GRIN#2
4768,GUARD#1
4777,GUEST
4785,GUILD
4838,HAND#_12
4884,HARMONIOUS
4886,HARMONIZE
4949,HEART#4
4955,HEAT#4
4978,HELP#1
4979,HELP#2
4981,HELP#4
4982,HELPER
4983,HELPFUL
5055,HIT#5
5083,HONEYMOON
5111,HOSPITABLE
5114,HOST
5130,HOUSE#5
5341,INAUGURATE
5488,INFORMAL
5531,INSEPARABLE
5554,INSPIRE#2
5633,INTERTWINE
5641,INTIMATE
5660,INVADE
5682,INVITATION
5683,INVITE#1
5691,INVOLVEMENT
5768,JOIN#1
5769,JOIN#2
5771,JOINER
5773,JOINTLY
5845,KID#2
5855,KIND#2
5858,KIND#5
5860,KINDNESS
5864,KISS#1
5865,KISS#2
5951,LAUDABLE
5983,LEAGUE#1
5984,LEAGUE#2
6033,LEND
6039,LENT
6065,LIBERAL#3
6069,LIBERATE
6099,LIKE#2
6100,LIKE#3
6173,LONE#1
6175,LONELINESS
6176,LONELY
6177,LONER
6182,LONG#4
6228,LOVE#1
6229,LOVE#2
6230,LOVE#3
6231,LOVE#4
6232,LOVE#5
6233,LOVE#6
6235,LOVELESS
6238,LOVER#1
6239,LOVER#2
6320,MAKE#6
6321,MAKE#7
6403,MARRIAGE
6405,MARRY#1
6406,MARRY#2
6432,MATE#1
6433,MATE#2
6510,MEET#1
6514,MEET#5
6520,MEMBER
6521,MEMBERSHIP
6545,MERIT#2
6596,MIND#6
6619,MINISTER#4
6753,MOTHER
6768,MOURN#1
6769,MOURN#2
6825,MUTUAL#1
6826,MUTUAL#2
6909,NEIGHBOR#1
6991,NOMINATE
6997,NON-VIOLENCE
6998,NON-VIOLENT
7032,NOTORIETY
7036,NOURISH
7060,NURSE#2
7063,NURTURE
7076,OBEDIENCE
7077,OBEDIENT
7128,OFFER#1
7129,OFFER#2
7130,OFFER#3
7242,OSTRACIZE
7255,OUR
7256,OURS
7263,OUTCAST
7333,OVERTURE
7381,PAMPER
7407,PARENT
7429,PART#_10
7430,PARTAKE
7432,PARTICIPANT
7433,PARTICIPATE#1
7434,PARTICIPATE#2
7435,PARTICIPATION
7444,PARTNER
7445,PARTNERSHIP
7446,PARTOOK
7448,PARTY#2
7468,PASSION
7469,PASSIONATE
7492,PATRIOT
7493,PATRIOTIC
7507,PAY#4
7516,PEACE#1
7517,PEACE#2
7520,PEACEFUL
7600,PERSUASIVE
7610,PET
7677,PITY#1
7678,PITY#2
7734,PLEASE#2
7738,PLEASED#2
7742,PLEDGE
7792,POLITE
7806,POOL#2
7815,POPULARITY
7877,PRAISE#1
7878,PRAISE#2
7916,PREMISE
7922,PREPARATORY
7932,PRESENT#3
7934,PRESENT#5
8077,PROMISE#2
8115,PROTECT
8117,PROTECTIVE
8118,PROTECTOR
8124,PROUD
8129,PROVIDE#1
8212,QUARTER#3
8314,RAVE
8361,REASSURANCE
8362,REASSURE
8367,REBELLIOUS
8377,RECEIVE
8381,RECEPTIVE
8397,RECONCILE
8459,REGARD#3
8487,REINFORCEMENT
8501,RELATION#3
8510,RELEASE#2
8553,RENOWN
8610,RESCUE#1
8611,RESCUE#2
8626,RESIGNATION
8641,RESPECT#2
8644,RESPECT#5
8650,RESPOND
8651,RESPONSE
8655,RESPONSIVE
8666,RESTORATION
8682,RESURRECT
8696,RETURN#2
8712,REVERE
8713,REVERENCE
8715,REVERENT
8716,REVERENTLY
8726,REVITALIZE
8730,REVOLT
8839,ROMANTIC
8847,ROOM#3
8850,ROOMMATE
8976,SANCTIFY
9001,SATISFY#1
9112,SECEDE
9113,SECESSION
9117,SECOND#4
9270,SHAKE#2
9282,SHARE#1
9284,SHARE#3
9285,SHARE#4
9301,SHELTER#2
9304,SHIELD
9330,SHOE#2
9389,SHUN
9406,SIDE#4
9452,SINCERE
9453,SINCERITY
9466,SISTER
9564,SMILE#1
9565,SMILE#2
9566,SMILE#3
9567,SMILE#4
9603,SOCIABLE
9607,SOCIAL#4
9632,SOLIDARITY
9651,SON
9656,SOOTHE
9660,SORROW
9701,SPARE#2
9707,SPEAK#3
9761,SPOKE#2
9837,STAND#3
9950,STOOD#2
10085,SUBSCRIBE
10087,SUBSCRIPTION
10092,SUBSIDIZE
10093,SUBSIDY
10098,SUBSTANTIATE
10144,SUIT#3
10189,SUPPLY#2
10190,SUPPORT#1
10191,SUPPORT#2
10192,SUPPORT#3
10193,SUPPORT#4
10194,SUPPORTER
10195,SUPPORTIVE
10291,SYMPATHETIC
10293,SYMPATHIZE
10294,SYMPATHY
10299,SYNTHESIS
10326,TAKE#7
10328,TAKE#9
10378,TEAM
10419,TEND#2
10421,TENDER
10434,TERM#5
10458,THANK#1
10459,THANK#2
10460,THANK#3
10564,THROW#6
10648,TOAST#2
10660,TOLERANCE
10661,TOLERANT
10662,TOLERATE
10663,TOLERATION
10699,TOUCH#3
10742,TRAITOR
10781,TREASURE#2
10799,TRIBUTE
10830,TRUE#3
10835,TRUST#1
10836,TRUST#2
10837,TRUST#3
10838,TRUST#4
10841,TRUST#7
10844,TRUSTWORTHY
10953,UNDERSTAND#2
11014,UNIFY
11024,UNISON
11026,UNITE#1
11127,UPRISING
11128,UPROAR
11147,US
11222,VENERATE
11305,VISIT#1
11306,VISIT#2
11307,VISIT#3
11308,VISITOR
11326,VOLUNTEER#1
11327,VOLUNTEER#2
11376,WARLIKE
11433,WAY#_12
11454,WED
11455,WEDDING
11466,WEIGHT#3
11468,WELCOME#1
11469,WELCOME#2
11470,WELCOME#3
11472,WELCOME#5
11589,WILLING
11590,WILLINGNESS
11655,WOO
11662,WORD#2
