1,ABANDON
3,ABATE
5,ABDICATE
7,ABIDE
13,ABOLISH
17,ABOUND
32,ABSCOND
40,ABSOLVE
53,ABUSE#2
58,ACCEDE
61,ACCENTUATE
62,ACCEPT
73,ACCOMMODATE
76,ACCOMPANY#1
78,ACCOMPLISH
81,ACCORD#2
82,ACCORD#3
86,ACCOST
91,ACCOUNT#5
105,ACCUSE#2
107,ACCUSTOM#2
109,ACHIEVE
111,ACKNOWLEDGE
114,ACQUAINT
126,ACROSS#3
130,ACT#2
132,ACT#4
143,ADAPT
155,ADDRESS#1
157,ADDRESS#3
162,ADHERE
172,ADJUST#1
176,ADMINISTER
189,ADMIT#1
193,ADMONISH
197,ADOPT#2
201,ADORN
208,ADULTERATE
211,ADVANCE#1
227,ADVISE
233,ADVOCATE#2
240,AFFECT
244,AFFILIATE
247,AFFIRM
252,AFFLICT
256,AFFORD#1
257,AFFORD#2
279,AGGRAVATE
291,AGITATE
298,AGREE#1
305,AID#1
312,AIM#2
318,AIR#4
328,ALARM#2
341,ALIENATE
367,ALLEGE
369,ALLEVIATE
371,ALLIED
374,ALLOT
376,ALLOW#1
377,ALLOW#2
383,ALLY#2
390,ALONG#2
391,ALONG#3
399,ALTER
403,ALTERNATE#2
416,AMAZE#2
427,AMBUSH#2
428,AMELIORATE
433,AMEND#2
448,AMOUNT#2
453,AMPUTATE
454,AMUSE
464,ANALYZE
469,ANCHOR#2
477,ANGER#2
488,ANNIHILATE
494,ANNOY
505,ANSWER#1
513,ANTAGONIZE
547,APOLOGIZE
550,APPALL#2
555,APPEAL#2
557,APPEAR#1
560,APPEASE
570,APPLY#1
572,APPLY#3
586,APPROACH#1
589,APPROPRIATE#2
593,APPROVE#2
603,ARBITRATE
620,ARGUE#1
621,ARGUE#2
625,ARISE
634,ARM#3
637,ARMED#2
640,AROSE
643,ARRANGE#1
644,ARRANGE#2
685,ASCERTAIN
687,ASCRIBE
700,ASSAIL
703,ASSASSINATE
706,ASSAULT#2
710,ASSERT
720,ASSIMILATE
722,ASSIST#2
726,ASSOCIATE#2
730,ASSUME#1
731,ASSUME#2
734,ASSURE#1
735,ASSURE#2
740,ASTONISH#2
760,ATROPHY
764,ATTACK#2
767,ATTAIN
770,ATTEMPT#1
773,ATTEND#1
774,ATTEND#2
779,ATTEST
783,ATTRACT
788,ATTRIBUTE#2
796,AUGMENT
814,AUTHORIZE#2
825,AVAIL
834,AVERAGE#3
836,AVERT
838,AVOID
841,AWAIT
845,AWARD#2
849,AWAY#2
860,AX
870,BACK#2
871,BACK#3
887,BAFFLE
890,BAG#2
891,BAIL
892,BAIT
898,BALK
914,BAND#2
919,BANISH#2
924,BANK#4
930,BANTER#2
944,BARGAIN
952,BASE#2
980,BEAM#2
984,BEAR#2
986,BEAR#4
992,BEAR#_10
997,BEAT#2
1003,BEAUTIFY
1006,BECAME
1009,BECKON
1010,BECOME
1013,BED#3
1022,BEFIT
1025,BEFRIEND
1026,BEG
1027,BEGAN
1029,BEGIN#1
1032,BEGUN
1034,BEHAVE
1045,BELIE
1048,BELIEVE#2
1051,BELITTLE
1054,BELONG#1
1059,BELT#2
1068,BENEFIT#2
1081,BESEECH
1086,BESIEGE
1088,BESTOW
1090,BET#2
1091,BETRAY
1093,BETROTH
1096,BETTER#2
1097,BETTER#3
1100,BEWARE
1101,BEWILDER
1108,BID#2
1125,BIT#2
1128,BITE#2
1137,BLACK#3
1139,BLACKMAIL
1143,BLAME#2
1148,BLAST#2
1154,BLESS#1
1158,BLIND#2
1178,BLOOM
1179,BLOSSOM
1181,BLOW#2
1182,BLOW#3
1191,BLUR
1192,BLURT
1196,BOARD#4
1204,BOAST
1220,BOLSTER
1221,BOLT
1224,BOMBARD
1235,BOOST#2
1236,BOOT
1238,BORDER#2
1241,BORE#3
1249,BORROW#2
1256,BOTHER#1
1257,BOTHER#2
1267,BOUND#2
1283,BOWL#2
1286,BOX#3
1291,BOYCOTT#2
1293,BRACE#2
1294,BRAG
1300,BRANCH#3
1302,BRAND#2
1303,BRANDISH
1310,BRAWL
1313,BREACH
1318,BREAK#3
1319,BREAK#4
1320,BREAK#5
1321,BREAKDOWN
1331,BRIBE
1335,BRIDGE#3
1342,BRING#2
1343,BRING#3
1344,BRING#4
1345,BRING#5
1346,BRING#6
1347,BRING#7
1348,BRISTLE
1354,BROADCAST#2
1355,BROADEN
1358,BROKE#2
1360,BROKE#4
1361,BROKE#5
1363,BROKE#7
1376,BRUSH#2
1383,BUBBLE#2
1384,BUCKLE
1390,BUG#2
1394,BUILD#4
1406,BUNGLE
1410,BURDEN#2
1426,BURST#2
1433,BUSINESS#3
1467,CALM#2
1481,CAMPAIGN#2
1501,CANVAS#2
1513,CAPITALIZE
1515,CAPITULATE
1517,CAPSIZE
1522,CAPTURE#2
1529,CAREEN
1536,CARESS#2
1542,CARRY#2
1543,CARRY#3
1544,CARRY#4
1548,CASE#2
1553,CASH#2
1554,CAST#1
1555,CAST#2
1565,CATCH#1
1568,CATCH#4
1574,CAUGHT#1
1575,CAUGHT#2
1577,CAUSE#1
1582,CAUTION#2
1586,CAVE#2
1590,CELEBRATE
1596,CEMENT#2
1597,CENSOR
1599,CENSURE
1603,CENTER#2
1620,CERTIFY
1626,CHAIN#2
1631,CHALLENGE#2
1639,CHANCE#3
1643,CHANGE#1
1649,CHANNEL#2
1659,CHARACTERIZE
1662,CHARGE#3
1666,CHARGE#7
1673,CHARM#2
1675,CHART#2
1677,CHARTER#2
1681,CHASTISE
1686,CHEAPEN
1689,CHEAT#2
1692,CHECK#2
1696,CHEER
1704,CHERISH#2
1710,CHIDE
1721,CHILL#2
1727,CHIP#2
1733,CHOOSE
1735,CHOSE
1736,CHOSEN#1
1773,CIVILIZE#2
1775,CLAIM#2
1780,CLARIFY
1782,CLASH
1788,CLASSIFY#2
1794,CLEAN#3
1802,CLEAR#5
1803,CLEAR#6
1804,CLEAR#7
1814,CLICK#2
1819,CLIMB
1820,CLING
1825,CLOCK#2
1826,CLOG
1849,CLUNG
1851,CLUSTER#2
1859,COACH#2
1866,COAST#2
1869,COAX
1875,CODDLE
1877,CODE#2
1878,COERCE
1893,COINCIDE
1902,COLLABORATE
1905,COLLAPSE#2
1907,COLLAR#2
1910,COLLECT#1
1918,COLLIDE
1920,COLLUSION
1926,COLOR#3
1934,COMBAT#2
1938,COMBINE#2
1941,COME#2
1942,COME#3
1943,COME#4
1944,COME#5
1945,COME#6
1946,COME#7
1954,COMFORT#2
1961,COMMAND#2
1963,COMMEMORATE
1965,COMMENCE
1967,COMMEND
1972,COMMENT#2
1978,COMMIT#1
1979,COMMIT#2
2000,COMMUNICATE#1
2017,COMPARE
2026,COMPEL#2
2027,COMPENSATE
2029,COMPETE
2036,COMPILE
2037,COMPLAIN
2040,COMPLEMENT#2
2043,COMPLETE#2
2052,COMPLICATE#2
2055,COMPLIMENT
2056,COMPLY
2064,COMPOUND#2
2069,COMPRESS#2
2071,COMPRISE
2073,COMPROMISE#2
2077,COMPUTE
2079,CONCEAL
2080,CONCEDE
2083,CONCEIVE
2085,CONCENTRATE#2
2090,CONCERN#1
2098,CONCLUDE
2106,CONDEMN#2
2109,CONDENSE
2115,CONDITION#4
2121,CONDUCT#3
2122,CONDUCT#4
2127,CONFER
2129,CONFESS
2132,CONFIDE
2138,CONFINE#2
2141,CONFIRM#2
2143,CONFISCATE
2147,CONFLICT#3
2149,CONFORM
2152,CONFOUND
2153,CONFRONT
2155,CONFUSE#1
2156,CONFUSE#2
2164,CONGRATULATE
2167,CONGREGATE
2176,CONJURE
2177,CONNECT
2180,CONQUER
2198,CONSERVE
2199,CONSIDER#1
2206,CONSIGN
2207,CONSIST
2211,CONSOLE
2212,CONSOLIDATE
2217,CONSPIRE
2224,CONSTITUTE
2227,CONSTRAIN
2232,CONSTRUE
2233,CONSULT
2238,CONSUMMATE
2245,CONTAMINATE
2247,CONTEMPLATE
2253,CONTEND
2258,CONTENT#5
2262,CONTEST#2
2271,CONTINUE#1
2277,CONTRACT#2
2278,CONTRACT#3
2280,CONTRADICT
2285,CONTRAST#2
2286,CONTRIBUTE#1
2292,CONTROL#2
2298,CONVENE
2305,CONVERSE
2308,CONVERT#2
2309,CONVEY
2311,CONVICT#2
2313,CONVINCE#1
2316,CONVINCED#2
2317,CONVULSE
2324,COOL
2326,COOPERATE
2331,COORDINATE
2352,CORRECT#2
2358,CORRELATE#2
2360,CORRESPOND
2363,CORRODE
2382,COUNSEL#2
2386,COUNTERACT
2406,COURT#2
2414,COVER#2
2427,CRAM
2428,CRAMP
2431,CRASH#2
2435,CRAWL#2
2441,CREAM#2
2442,CREATE
2453,CREDIT#3
2454,CREDIT#4
2468,CRINGE
2469,CRIPPLE
2478,CRITICIZE
2479,CROAK
2488,CROSS#2
2489,CROSS#3
2505,CROWD#3
2513,CRUMBLE
2514,CRUMPLE
2518,CRUSH#2
2527,CUDDLE
2528,CULMINATE
2534,CULTIVATE#2
2544,CURB#2
2546,CURE#2
2556,CURSE#2
2559,CURTAIL
2568,CUT#2
2586,DAMAGE#2
2598,DARE
2601,DARKEN
2605,DASH
2609,DATE#3
2610,DATE#4
2614,DAWDLE
2617,DAWN#3
2622,DAZZLE
2630,DEAL#2
2644,DEBATE#2
2653,DECEASE
2657,DECEIVE#2
2664,DECIDE#1
2668,DECIPHER
2673,DECLARE
2675,DECLINE#2
2676,DECOMPOSE
2677,DECORATE
2684,DEDICATE#2
2686,DEDUCE
2687,DEDUCT
2688,DEEM
2693,DEEPEN
2695,DEFAME
2696,DEFAULT
2698,DEFEAT#2
2703,DEFEND
2709,DEFER
2716,DEFILE
2717,DEFINE
2723,DEFY
2725,DEGRADE
2732,DELAY#2
2737,DELIBERATE#2
2742,DELIGHT#2
2747,DELIVER
2754,DEMAND#2
2757,DEMEAN
2767,DEMOLISH
2769,DEMONSTRATE
2773,DEMORALIZE
2777,DENOTE
2778,DENOUNCE
2784,DENY
2789,DEPEND#1
2790,DEPEND#2
2796,DEPICT
2797,DEPLETE
2799,DEPLORE
2800,DEPLOY
2801,DEPOSE
2804,DEPRECIATE
2808,DEPRESS#3
2812,DEPRIVE
2816,DERIDE
2819,DERIVE
2826,DESCRY
2833,DESERVE
2836,DESIGN#2
2838,DESIGNATE#2
2864,DESTROY
2872,DETAIN
2874,DETECT#2
2877,DETER
2879,DETERMINE#1
2887,DETRACT
2889,DEVASTATE
2891,DEVELOP
2894,DEVIATE
2900,DEVISE
2903,DEVOTE#1
2915,DICTATE
2921,DID#1
2924,DIET#2
2925,DIFFER
2934,DIG#2
2937,DIGNIFY
2943,DIM#2
2954,DIRECT#1
2963,DISABLE
2966,DISAGREE
2973,DISAPPOINT#3
2977,DISAPPROVE
2978,DISARM
2982,DISAVOW
2987,DISCARD#2
2988,DISCERN
2991,DISCHARGE#2
2994,DISCIPLINE#2
2996,DISCLAIM
2998,DISCLOSE#2
3004,DISCONTINUE#2
3008,DISCOUNT#2
3010,DISCOURAGE#2
3013,DISCOVER
3015,DISCREDIT
3020,DISCRIMINATE
3023,DISCUSS
3031,DISGUST#2
3036,DISH#2
3039,DISHONOR
3048,DISMISS#2
3053,DISPEL
3055,DISPENSE
3057,DISPLACE
3061,DISPLEASE
3065,DISPOSE#2
3068,DISPROVE
3071,DISPUTE#2
3072,DISREGARD
3073,DISRUPT
3078,DISSATISFY
3086,DISSOLVE#2
3095,DISTINGUISH#2
3097,DISTORT
3099,DISTRACT
3103,DISTRESS#2
3104,DISTRIBUTE
3110,DISTURB#1
3117,DITCH#2
3123,DIVERT
3127,DIVINE#2
3137,DO#4
3139,DOCTOR#2
3155,DOMINATE#1
3167,DOOM#2
3173,DOTE
3178,DOUBLE#5
3197,DRAFT#2
3207,DRAW#3
3208,DRAW#4
3227,DRIFT#2
3230,DRILL#2
3239,DRIVE#2
3245,DRIVEN#1
3285,DUMP#2
3299,DWINDLE
3313,EAR#3
3318,EARN#1
3329,EASE#2
3356,ECONOMIZE
3365,EDGE#2
3373,EDUCATE
3375,EDUCATED#2
3381,EFFECT#2
3408,ELABORATE
3411,ELAPSE#2
3441,ELIMINATE
3453,EMBARRASS
3457,EMBELLISH
3461,EMBRACE#2
3463,EMERGE#2
3475,EMPHASIZE
3479,EMPLOY
3483,EMPOWER
3487,ENABLE
3488,ENACT
3491,ENCHANT#2
3494,ENCLOSE#2
3495,ENCOMPASS
3497,ENCOUNTER#2
3498,ENCOURAGE#1
3501,ENCROACH
3509,ENDANGER
3510,ENDEAR
3511,ENDEAVOR
3513,ENDORSE
3518,ENDURE#2
3521,ENERGIZE
3523,ENFORCE
3528,ENGAGE#3
3529,ENGAGE#4
3536,ENGULF
3537,ENHANCE
3545,ENLIGHTEN#2
3555,ENRAGE
3556,ENRICH
3562,ENSLAVE
3563,ENSURE
3565,ENTANGLE
3570,ENTERTAIN#2
3575,ENTITLE
3580,ENTREAT
3583,ENTRUST
3590,ENVISION
3604,EQUIP
3611,ERADICATE
3614,ERECT#2
3617,ERR
3620,ESCAPE#1
3632,ESTABLISH#1
3638,ESTIMATE#2
3660,EVADE
3661,EVALUATE
3667,EVEN#3
3685,EVICT
3687,EVIDENCE#2
3695,EVOLVE
3698,EXACT#3
3700,EXAGGERATE
3702,EXALT
3705,EXAMINE
3708,EXASPERATE
3710,EXCEED
3711,EXCEL
3716,EXCEPTION#2
3722,EXCHANGE#2
3724,EXCITE#1
3727,EXCITED#2
3732,EXCLUDE
3738,EXCUSE#2
3739,EXECUTE
3745,EXERCISE#2
3746,EXERT
3748,EXHAUST
3751,EXHIBIT#2
3755,EXILE
3756,EXIST#1
3759,EXIT
3762,EXPAND#2
3765,EXPECT#1
3772,EXPEL
3774,EXPEND
3780,EXPERIENCE#2
3785,EXPERIMENT#2
3791,EXPIRE
3792,EXPLAIN
3795,EXPLODE
3797,EXPLOIT#2
3800,EXPLORE
3807,EXPOSE
3808,EXPRESS
3814,EXTEND#1
3815,EXTEND#2
3820,EXTERMINATE
3824,EXTINGUISH
3825,EXTOL
3828,EXTRAPOLATE
3837,EXULT
3840,EYE#2
3842,EYE#4
3843,EYE#5
3848,FABRICATE
3852,FACE#2
3855,FACE#5
3857,FACILITATE
3869,FADE#2
3870,FAIL#1
3871,FAIL#2
3872,FAIL#3
3888,FALL#2
3889,FALL#3
3893,FALL#7
3895,FALL#9
3901,FALTER
3905,FAMILIARIZE
3911,FAN#2
3925,FARE#2
3928,FARM#2
3934,FASCINATE#2
3945,FASTEN
3954,FATHOM#2
3958,FAVOR#2
3975,FEAST#2
3977,FEATHER#2
3980,FEATURE#2
3999,FEIGN
4000,FEINT
4002,FELL#2
4003,FELL#3
4004,FELL#4
4005,FELL#5
4006,FELL#6
4014,FENCE#2
4027,FETCH
4046,FIDGET
4048,FIELD#2
4064,FIGURE#2
4065,FIGURE#3
4069,FILE#2
4072,FILL#2
4073,FILL#3
4079,FILM#2
4085,FINANCE#2
4087,FIND#1
4095,FINE#7
4097,FINGER#2
4106,FIRE#5
4127,FIT#1
4130,FIT#4
4135,FIX#1
4136,FIX#2
4137,FIX#3
4138,FIX#4
4148,FLASH#2
4153,FLATTER
4155,FLAUNT
4157,FLAVOR#2
4161,FLED
4162,FLEE
4166,FLEW
4171,FLIRT
4174,FLOOD#2
4179,FLOOR#5
4181,FLOUNDER
4184,FLOW#2
4187,FLOWER#2
4190,FLOWN
4195,FLUNG
4198,FLY#2
4203,FOAM#2
4206,FOCUS#2
4211,FOLD
4219,FOLLOW#1
4222,FOLLOW#4
4223,FOLLOW#5
4225,FOLLOW#7
4237,FOOL#2
4238,FOOL#3
4252,FORCE#3
4259,FORECAST#2
4266,FORESEE
4272,FORFEIT
4273,FORGAVE
4274,FORGET
4276,FORGIVE
4279,FORGOT
4281,FORGOTTEN#2
4285,FORM#2
4296,FORMULATE#2
4297,FORSAKE
4305,FORTIFY
4314,FORWARD#2
4315,FORWARD#3
4317,FOSSILIZE
4318,FOSTER
4320,FOUND#1
4321,FOUND#2
4325,FOUNDER#2
4332,FRACTURE
4337,FRAME#2
4352,FREE#2
4363,FREQUENT#3
4376,FRIGHTEN#1
4384,FROLIC
4392,FROWN#2
4400,FRUSTRATE#1
4405,FRY#2
4406,FUCK
4410,FULFILL
4421,FUMBLE
4423,FUME#2
4426,FUNCTION#1
4442,FURNISH
4446,FURTHER#3
4450,FUSS
4459,GAIN#1
4471,GAMBLE#2
4483,GARNISH
4486,GAS#2
4497,GAUGE#2
4501,GAZE#2
4510,GENERALIZE
4532,GESTURE#2
4534,GET#2
4535,GET#3
4536,GET#4
4537,GET#5
4538,GET#6
4569,GLADDEN
4579,GLEAM#2
4580,GLEAN
4583,GLIMMER
4587,GLISTEN#2
4589,GLITTER#2
4590,GLOAT
4595,GLORIFY
4600,GLOW#1
4601,GLOW#2
4606,GO#3
4607,GO#4
4609,GO#6
4610,GO#7
4630,GONNA
4644,GOSSIP#2
4648,GOVERN#2
4658,GRADE#3
4661,GRADUATE#2
4678,GRANT#2
4682,GRAPPLE
4684,GRASP#2
4688,GRATIFY
4702,GREASE#2
4717,GREET#2
4731,GRIP#2
4734,GROOM
4736,GROSS#2
4749,GROW#2
4751,GROW#4
4754,GROWL
4764,GRUMBLE
4766,GUARANTEE#2
4768,GUARD#1
4774,GUESS#1
4779,GUIDE#1
4811,HAIR#2
4822,HALT
4825,HAMPER
4828,HAND#2
4834,HAND#8
4841,HANDLE#1
4847,HANG#2
4848,HANG#3
4849,HANG#4
4851,HANG#6
4857,HAPPEN#2
4864,HARASS
4867,HARBOR#2
4881,HARM#2
4886,HARMONIZE
4892,HARVEST#2
4896,HASTEN
4904,HAUNT
4915,HAZARD#2
4923,HEAD#3
4924,HEAD#4
4931,HEAL
4938,HEAP#2
4939,HEAR#1
4940,HEAR#2
4953,HEAT#2
4966,HEDGE
4968,HEED
4973,HEIGHTEN
4979,HELP#2
4980,HELP#3
4994,HERD#2
5012,HESITATE
5017,HIDDEN#2
5018,HIDE#1
5019,HIDE#2
5031,HIGHLIGHT
5040,HINDER
5043,HINGE#2
5045,HIRE
5053,HIT#3
5055,HIT#5
5057,HOARD
5058,HOBBLE
5060,HOLD#2
5063,HOLD#5
5085,HONOR#1
5093,HOPE#1
5106,HORRIFY
5146,HUMILIATE
5149,HUMOR
5157,HUNG#2
5159,HUNG#4
5164,HUNT#2
5171,HURRY#2
5175,HURT#1
5178,HURTLE
5180,HUSTLE
5207,IDENTIFY
5214,IDLE#2
5223,IGNORE
5235,ILLUMINATE
5239,ILLUSTRATE
5249,IMAGINE
5270,IMPAIR
5277,IMPEDE
5279,IMPEL
5293,IMPLEMENT
5295,IMPLICATE
5297,IMPLORE
5298,IMPLY
5299,IMPORT
5302,IMPOSE
5314,IMPRESS#1
5318,IMPRISON
5323,IMPROVE#1
5324,IMPROVE#2
5341,INAUGURATE
5357,INCLINE#2
5358,INCLUDE
5377,INCORPORATE#2
5388,INCUR
5410,INDICATE
5435,INDUCE
5436,INDULGE
5440,INDUSTRIALIZE
5466,INFECT
5468,INFER
5472,INFEST
5476,INFLAME
5481,INFLICT
5483,INFLUENCE#2
5486,INFORM#1
5493,INFURIATE
5497,INHABIT
5501,INHIBIT
5505,INITIATE
5509,INJURE
5518,INNOVATE
5523,INQUIRE
5533,INSERT#2
5541,INSINUATE
5543,INSIST
5549,INSPECT
5554,INSPIRE#2
5557,INSTALL
5570,INSTITUTE#2
5573,INSTRUCT
5582,INSULT
5584,INSURE
5598,INTEND#1
5601,INTENSIFY
5607,INTERCEDE
5612,INTEREST#3
5614,INTERESTED#1
5616,INTERFERE
5627,INTERPOSE
5628,INTERPRET
5630,INTERRUPT
5633,INTERTWINE
5635,INTERVENE
5638,INTERVIEW#2
5642,INTIMIDATE
5646,INTOXICATE
5649,INTRIGUE
5652,INTRUDE
5658,INUNDATE
5660,INVADE
5667,INVENT
5672,INVEST
5673,INVESTIGATE
5686,INVOLVE#1
5688,INVOLVE#3
5699,IRK
5720,ISOLATE#2
5726,ISSUE#3
5747,JAR#2
5753,JEER
5755,JEOPARDIZE
5758,JERK#2
5760,JEST
5769,JOIN#2
5770,JOIN#3
5775,JOKE#2
5783,JOURNEY#2
5789,JUDGE#1
5821,JUSTIFY
5826,KEEP#1
5827,KEEP#2
5828,KEEP#3
5829,KEEP#4
5830,KEEP#5
5841,KICK#2
5843,KICK#4
5845,KID#2
5846,KIDNAP
5878,KNOCK#3
5879,KNOCK#4
5895,LABEL#2
5898,LABOR#3
5905,LACK#2
5910,LAG
5912,LAID#2
5939,LAST#4
5954,LAUGH#3
5955,LAUGH#4
5959,LAUNCH
5969,LAY#3
5974,LEAD#1
5975,LEAD#2
5978,LEAD#5
5984,LEAGUE#2
5987,LEAK
5991,LEAN#3
5995,LEARN#1
6047,LET#1
6048,LET#2
6049,LET#3
6069,LIBERATE
6090,LIGHT#5
6094,LIGHTEN
6108,LIMIT#2
6116,LINE#2
6120,LINK#2
6125,LIQUIDATE
6147,LIVE#6
6154,LOAD#2
6164,LOCATE
6192,LOOK#2
6195,LOOK#5
6196,LOOK#6
6197,LOOK#7
6198,LOOK#8
6199,LOOK#9
6200,LOOK#_10
6201,LOOK#_11
6202,LOOM
6232,LOVE#5
6263,LURE
6264,LURK
6285,MADE#1
6295,MAGNIFY
6306,MAINTAIN#1
6307,MAINTAIN#2
6313,MAJOR#3
6315,MAKE#1
6316,MAKE#2
6317,MAKE#3
6318,MAKE#4
6319,MAKE#5
6320,MAKE#6
6321,MAKE#7
6345,MAN#2
6347,MANAGE#1
6348,MANAGE#2
6355,MANEUVER
6356,MANGLE
6360,MANIPULATE
6373,MANUFACTURE
6396,MARK#4
6410,MARVEL
6420,MASSACRE
6425,MASTER#2
6430,MATCH#2
6446,MATTER#4
6451,MATURE#2
6457,MAXIMIZE
6467,MEAN#1
6478,MEANT
6483,MEASURE#2
6485,MEASURE#4
6495,MEDDLE
6497,MEDIATE
6511,MEET#2
6512,MEET#3
6527,MEND
6531,MENTION#1
6545,MERIT#2
6550,MESH
6552,MESS#2
6553,MESS#3
6586,MILL#2
6593,MIND#3
6594,MIND#4
6596,MIND#6
6599,MIND#9
6612,MINGLE
6614,MINIMIZE
6619,MINISTER#4
6633,MISBEHAVE
6644,MISHANDLE
6646,MISINFORM
6648,MISLEAD
6651,MISREPRESENT
6652,MISS#1
6665,MISTAKE#3
6666,MISTAKEN
6672,MISTRUST
6673,MISUNDERSTAND
6675,MISUNDERSTOOD
6677,MITIGATE
6688,MOBILIZE
6689,MOCK
6692,MODERATE
6701,MODIFY
6704,MOLD#2
6706,MOLEST
6717,MONITOR
6744,MORTGAGE#2
6745,MORTIFY
6756,MOTIVATE
6766,MOUNT#2
6769,MOURN#2
6779,MOVE#3
6792,MUDDLE
6795,MUFFLE#2
6822,MUSTER
6839,NAG#2
6879,NEAR#7
6888,NECESSITATE
6895,NEEDLE#2
6897,NEGATE
6901,NEGLECT#2
6905,NEGOTIATE
6928,NEUTRALIZE
6973,NIX
7024,NOTE#2
7028,NOTICE#1
7036,NOURISH
7051,NULLIFY
7060,NURSE#2
7063,NURTURE
7078,OBEY
7081,OBJECT#3
7087,OBLIGE
7089,OBLITERATE
7095,OBSERVE
7100,OBSTRUCT
7102,OBTAIN
7106,OCCASION#2
7111,OCCUPY
7112,OCCUR#1
7113,OCCUR#2
7125,OFFEND
7128,OFFER#1
7138,OFFICIATE
7139,OFFSET
7153,OMIT
7176,OPEN#5
7180,OPERATE#1
7193,OPPOSE#1
7198,OPPRESS
7215,ORDER#4
7219,ORDER#8
7228,ORGANIZE#1
7231,ORIENT#2
7235,ORIGINATE
7238,ORNAMENT#2
7242,OSTRACIZE
7258,OUST
7270,OUTFIT#2
7274,OUTLINE#2
7279,OUTPUT#2
7282,OUTREACH
7284,OUTRUN
7293,OUTWIT
7308,OVERCAME
7309,OVERCOME
7311,OVERFLOW
7312,OVERHAUL
7317,OVERLOOK
7322,OVERPOWER
7325,OVERRUN
7331,OVERTHROW
7335,OVERTURN
7336,OVERWHELM
7339,OWE
7343,OWN#4
7350,PACE#4
7356,PACK#2
7362,PAGE#2
7381,PAMPER
7383,PAN#2
7430,PARTAKE
7443,PARTITION
7446,PARTOOK
7453,PASS#3
7454,PASS#4
7456,PASS#6
7458,PASS#8
7459,PASS#9
7460,PASS#_10
7461,PASS#_11
7477,PASTE#2
7482,PATCH#2
7496,PATROL#2
7499,PATRONIZE
7506,PAY#3
7507,PAY#4
7508,PAY#5
7517,PEACE#2
7524,PEAK#2
7540,PEND#2
7541,PENETRATE
7552,PERCEIVE
7558,PERFECT#3
7570,PERISH
7576,PERMIT#1
7580,PERPETUATE
7581,PERPLEX
7583,PERSECUTE
7586,PERSEVERE
7589,PERSIST
7598,PERSUADE
7602,PERTURB
7612,PETITION#2
7639,PICK#2
7640,PICK#3
7649,PIECE#4
7654,PILE#1
7656,PILE#3
7672,PIT#2
7686,PLAGUE#2
7694,PLAN#2
7721,PLAY#3
7722,PLAY#4
7734,PLEASE#2
7736,PLEASE#4
7738,PLEASED#2
7739,PLEASED#3
7742,PLEDGE
7747,PLOD
7749,PLOT#2
7751,PLOW#2
7770,POINT#3
7779,POISE#2
7791,POLISH
7798,POLLUTE
7803,PONDER
7806,POOL#2
7828,POSE#2
7849,POSTPONE#2
7873,PRACTICE#1
7878,PRAISE#2
7879,PRANCE
7888,PRECEDE#2
7893,PRECIPITATE
7898,PREDICT
7902,PREDOMINATE
7904,PREFER
7920,PREOCCUPY
7923,PREPARE#1
7932,PRESENT#3
7939,PRESERVE
7940,PRESIDE
7951,PRESSURE#2
7954,PRESUME
7958,PRETEND
7969,PREVAIL
7972,PREVENT
7973,PREVENTION
8023,PROCEED#1
8027,PROCESS#2
8028,PROCLAIM
8030,PROCRASTINATE
8033,PROCURE
8035,PROD
8038,PRODUCE#1
8045,PROFESS
8049,PROFFER
8052,PROFIT#2
8057,PROGRAM#2
8062,PROGRESS#2
8065,PROHIBIT
8069,PROJECT#2
8073,PROLONG
8077,PROMISE#2
8081,PROMOTE
8085,PROMPT#2
8101,PROPOSE#1
8108,PROSECUTE
8112,PROSPER
8115,PROTECT
8120,PROTEST#2
8125,PROVE#1
8126,PROVE#2
8129,PROVIDE#1
8137,PROVOKE
8139,PROWL
8144,PRY
8155,PUBLISH
8156,PULL
8160,PUMP#2
8161,PUNCH
8163,PUNISH
8169,PURCHASE#2
8173,PURIFY
8179,PURR
8181,PURSUE
8186,PUSH#3
8188,PUT#2
8189,PUT#3
8190,PUT#4
8191,PUT#5
8192,PUT#6
8194,PUZZLE#2
8198,QUALIFY#1
8199,QUALIFY#2
8208,QUARREL#2
8217,QUENCH
8227,QUIBBLE
8229,QUICKEN
8234,QUIT
8242,RACE#3
8250,RADIATE
8259,RAID
8266,RAISE#2
8268,RAISE#4
8273,RALLY
8274,RAMBLE
8282,RANGE#2
8291,RAPT
8300,RATE#2
8308,RATION
8312,RATTLE#2
8313,RAVAGE
8314,RAVE
8319,REACH#1
8320,REACH#2
8323,REACT
8330,READ#3
8337,REAFFIRM
8348,REALIZE#1
8349,REALIZE#2
8351,REAP
8353,REAR#2
8358,REASON#3
8362,REASSURE
8365,REBEL#2
8368,REBUFF
8369,REBUILD
8370,REBUKE
8371,REBUT
8374,RECALL#2
8375,RECEDE
8377,RECEIVE
8387,RECLAIM
8389,RECLINE
8392,RECOGNIZE
8393,RECOIL
8394,RECOMMEND
8397,RECONCILE
8402,RECONSTRUCT
8406,RECORD#3
8409,RECOVER
8415,RECRUIT#2
8423,REDEEM
8429,REDUCE
8435,REESTABLISH
8437,REFER
8439,REFINE
8441,REFLECT
8445,REFORM#2
8446,REFRAIN
8451,REFUND#2
8455,REGAIN
8458,REGARD#2
8470,REGISTER#2
8473,REGRESS
8481,REGULATE
8486,REINFORCE
8488,REINSTATE
8489,REITERATE
8492,REJOICE
8493,RELAPSE
8494,RELATE#1
8495,RELATE#2
8496,RELATED#1
8497,RELATED#2
8507,RELAX
8509,RELEASE#1
8517,RELIANCE
8519,RELIEVE#1
8520,RELIEVE#2
8526,RELISH
8528,RELY
8533,REMARK#2
8538,REMIND
8540,REMODEL
8547,RENDER
8548,RENEW
8550,RENOUNCE
8551,RENOVATE
8561,REPAID
8563,REPAIR#2
8565,REPAY
8566,REPEAL
8571,REPENT
8574,REPLACE
8576,REPLENISH
8577,REPLY#1
8581,REPORT#3
8585,REPOSE
8587,REPRESENT
8592,REPRESS
8594,REPROACH
8597,REPUDIATE
8599,REPULSE
8604,REQUEST#2
8606,REQUIRE#1
8611,RESCUE#2
8615,RESENT
8619,RESERVE#1
8625,RESIGN
8627,RESIST
8632,RESOLVE#2
8636,RESOUND
8640,RESPECT#1
8644,RESPECT#5
8650,RESPOND
8658,REST#3
8659,REST#4
8667,RESTORE
8668,RESTRAIN
8670,RESTRICT#1
8676,RESULT#2
8680,RESUME#2
8682,RESURRECT
8684,RETAIL#2
8685,RETAIN
8686,RETALIATE
8687,RETARD
8690,RETIRE
8693,RETREAT#2
8695,RETURN#1
8699,RETURN#5
8703,REUNITE
8705,REVEAL#1
8708,REVEL
8712,REVERE
8718,REVERSE#2
8719,REVERT
8721,REVIEW#2
8723,REVISE#2
8726,REVITALIZE
8728,REVIVE
8729,REVOKE
8730,REVOLT
8734,REWARD#2
8755,RID
8758,RIDE#3
8763,RIDICULE#2
8772,RIGHT#6
8790,RIPEN
8793,RISE#2
8796,RISE#5
8800,RISK#2
8805,RIVAL#2
8840,ROMANTICIZE
8855,ROOT#4
8859,ROSE#2
8867,ROUGH#3
8873,ROUND#5
8874,ROUND#6
8875,ROUND#7
8877,ROUND#9
8879,ROUSE
8896,RUIN#2
8901,RULE#2
8905,RULE#6
8909,RUMPLE
8911,RUN#2
8912,RUN#3
8913,RUN#4
8914,RUN#5
8915,RUN#6
8916,RUN#7
8919,RUN#_10
8920,RUN#_11
8921,RUN#_12
8922,RUN#_13
8928,RUSH#1
8937,SABOTAGE
8940,SACRIFICE#2
8947,SAFEGUARD
8950,SAG
8970,SALUTE
8975,SAMPLE#2
8976,SANCTIFY
8978,SANCTION#2
9001,SATISFY#1
9006,SAVE#1
9019,SAY#3
9024,SCALD
9026,SCALE#2
9027,SCAMPER
9036,SCARE#1
9038,SCARE#3
9040,SCARED#2
9042,SCATTER
9047,SCHEDULE#2
9050,SCHEME#2
9055,SCHOOL#2
9063,SCOFF
9067,SCORCH
9069,SCORE#2
9075,SCOWL
9076,SCRAMBLE
9077,SCRAPE
9079,SCRAWL
9085,SCREW#2
9090,SCRUTINIZE
9094,SCULPTURE#2
9101,SEARCH#1
9112,SECEDE
9117,SECOND#4
9127,SECURE#1
9144,SEEK
9152,SEIZE
9154,SELECT
9186,SENSE#6
9204,SEQUESTER
9213,SERVE#1
9214,SERVE#2
9215,SERVE#3
9216,SERVE#4
9219,SERVICE#3
9221,SERVICE#5
9226,SET#1
9231,SET#4
9234,SET#7
9235,SET#8
9236,SET#9
9240,SETTLE#1
9241,SETTLE#2
9242,SETTLE#3
9264,SHADOW#2
9267,SHAFT#2
9270,SHAKE#2
9273,SHALL
9280,SHAPE#3
9292,SHED#2
9301,SHELTER#2
9304,SHIELD
9307,SHIFT#3
9320,SHIRK
9322,SHIVER
9324,SHOCK#2
9333,SHOOT#2
9336,SHOOT#5
9337,SHOOT#6
9338,SHOOT#7
9361,SHOULDER#2
9366,SHOW#1
9368,SHOW#3
9369,SHOW#4
9370,SHOW#5
9372,SHOWER#2
9375,SHRED
9382,SHRIVEL
9389,SHUN
9391,SHUT#2
9392,SHUT#3
9393,SHUT#4
9406,SIDE#4
9415,SIGHT#5
9416,SIGHT#6
9418,SIGN#2
9422,SIGNAL#2
9428,SIGNIFY
9444,SIMPLIFY#2
9447,SIMULATE#2
9449,SIN#2
9460,SINGLE#2
9471,SITUATE
9480,SIZE#2
9496,SKULK
9499,SLACK
9501,SLAM
9502,SLANDER
9507,SLAUGHTER
9509,SLAVE#2
9521,SLICE#2
9528,SLIGHT#4
9550,SMACK
9556,SMART#3
9561,SMEAR
9577,SMOOTH#4
9579,SMOTHER
9580,SMUGGLE
9588,SNEAK
9589,SNEER
9593,SNOW#3
9600,SOAR
9625,SOLD#2
9635,SOLVE
9656,SOOTHE
9667,SORT#4
9668,SOUGHT
9671,SOUND#2
9697,SPAN#2
9702,SPARE#3
9704,SPARKLE
9706,SPEAK#2
9707,SPEAK#3
9722,SPECIFY
9726,SPECULATE
9734,SPEED#2
9743,SPILL
9759,SPOIL
9761,SPOKE#2
9762,SPOKE#3
9767,SPONSOR#2
9774,SPOT#2
9779,SPRAIN
9780,SPRANG
9781,SPRAWL
9784,SPREAD#1
9790,SPRING#3
9791,SPRINKLE
9792,SPRUNG
9796,SPUR#2
9797,SPUTTER
9801,SQUANDER
9812,STABILIZE
9818,STAGE#3
9820,STAGGER
9830,STALL#2
9837,STAND#3
9838,STAND#4
9839,STAND#5
9844,STANDARDIZE
9850,STAR#3
9856,START#3
9860,STARTLE
9862,STARVE
9875,STATION#2
9906,STEM#2
9909,STEP#3
9920,STICK#5
9924,STIFLE
9930,STILL#5
9931,STIMULATE
9934,STING
9935,STINK
9936,STIPULATE
9944,STOLEN#2
9946,STOMACH#2
9950,STOOD#2
9951,STOOD#3
9952,STOOD#4
9956,STOP#4
9960,STORE#2
9965,STORM#2
9970,STRAGGLE
9978,STRAIN#2
9986,STRAY
9990,STREAM#3
9995,STRENGTHEN#1
9999,STRESS#2
10007,STRIDE#2
10010,STRIKE#2
10018,STRIP#2
10019,STRIVE
10020,STRIVEN
10022,STROKE#2
10028,STROVE
10030,STRUCK#2
10033,STRUCTURE#2
10035,STRUGGLE#2
10037,STRUT
10046,STUDY#1
10051,STUFF#2
10056,STUMBLE
10057,STUN
10069,SUBDUE
10075,SUBJUGATE
10079,SUBMERGE
10082,SUBMIT
10085,SUBSCRIBE
10091,SUBSIDE
10092,SUBSIDIZE
10094,SUBSIST
10098,SUBSTANTIATE
10100,SUBSTITUTE#2
10103,SUBTRACT
10108,SUBVERT
10109,SUCCEED#1
10111,SUCCEED#3
10117,SUCCUMB
10127,SUFFER#1
10128,SUFFER#2
10131,SUFFICE
10133,SUFFOCATE
10136,SUGGEST#1
10144,SUIT#3
10152,SUM#2
10153,SUMMARIZE
10158,SUMMON#2
10163,SUNDER
10185,SUPPLEMENT#2
10189,SUPPLY#2
10190,SUPPORT#1
10196,SUPPOSE#1
10197,SUPPOSE#2
10200,SUPPRESS
10215,SURFACE#2
10219,SURMISE
10220,SURMOUNT
10221,SURPASS
10224,SURPRISE#2
10236,SURVEY#2
10238,SURVIVE
10242,SUSPECT#2
10243,SUSPEND
10248,SUSTAIN
10264,SWEETEN
10279,SWITCH#2
10289,SYMBOLIZE
10293,SYMPATHIZE
10308,TABLE#3
10315,TAIL#2
10317,TAILOR#2
10318,TAINT
10321,TAKE#2
10322,TAKE#3
10323,TAKE#4
10325,TAKE#6
10326,TAKE#7
10327,TAKE#8
10328,TAKE#9
10329,TAKE#_10
10330,TAKE#_11
10343,TAMPER
10351,TAP#2
10358,TASTE#3
10360,TATTER
10361,TAUGHT
10363,TAUNT#2
10366,TAX#2
10374,TEACH#1
10382,TEAR#3
10383,TEASE
10395,TELEGRAPH#2
10398,TELL#2
10404,TEMPER#2
10412,TEMPT
10419,TEND#2
10435,TERM#6
10436,TERMINATE
10440,TERRIFY
10445,TERRORIZE
10447,TEST#2
10450,TESTIFY
10502,THICKEN
10509,THINK#2
10539,THRASH
10541,THREATEN
10548,THRILL
10560,THROW#2
10561,THROW#3
10562,THROW#4
10563,THROW#5
10564,THROW#6
10567,THRUST#2
10573,THWART
10586,TILL#3
10599,TIME#_12
10601,TIME#_14
10611,TINGLE#2
10614,TIRE#2
10615,TIRE#3
10624,TO#1
10648,TOAST#2
10655,TOIL
10662,TOLERATE
10676,TOP#2
10679,TOPPLE
10681,TORMENT
10700,TOUCH#4
10706,TOUCH#_10
10712,TOUR#2
10721,TRACE#2
10723,TRACK#2
10726,TRADE#2
10735,TRAIL#2
10744,TRAMPLE
10751,TRANSFER#2
10753,TRANSFORM
10755,TRANSGRESS
10758,TRANSLATE
10762,TRANSPORT#2
10774,TRAVERSE
10781,TREASURE#2
10784,TREAT#1
10790,TREMBLE
10794,TRESPASS
10801,TRICK#2
10810,TRIUMPH#2
10818,TROT#2
10820,TROUBLE#2
10827,TRUDGE
10835,TRUST#1
10847,TRY#1
10848,TRY#2
10850,TRY#4
10852,TRY#6
10856,TUMBLE#2
10865,TURN#2
10866,TURN#3
10867,TURN#4
10868,TURN#5
10870,TURN#7
10871,TURN#8
10886,TWITCH
10891,TYPE#3
10947,UNDERGO
10948,UNDERGONE
10951,UNDERMINE
10952,UNDERSTAND#1
10955,UNDERSTOOD
10957,UNDERTAKE#2
10958,UNDERTAKEN
10960,UNDERTOOK
10962,UNDERWENT
10966,UNDID
10971,UNDO
10972,UNDONE
10996,UNFINISHED
11014,UNIFY
11026,UNITE#1
11042,UNLEASH
11054,UNNERVE
11118,UPGRADE
11122,UPLIFT
11129,UPROOT
11133,UPSET#4
11134,UPSET#5
11144,URGE#2
11152,USE#3
11156,USE#7
11166,USURP
11171,UTILIZE
11180,VACATION#2
11182,VACILLATE
11199,VALUE#2
11202,VANISH
11204,VANQUISH
11211,VARY#2
11222,VENERATE
11229,VENTURE#2
11235,VERIFY
11251,VEX
11268,VIE
11273,VIEW#3
11291,VIOLATE
11305,VISIT#1
11319,VOICE#2
11327,VOLUNTEER#2
11333,VOUCHSAFE
11341,WAGE#2
11343,WAIL
11346,WAIT#2
11356,WALK#3
11365,WANDER
11367,WANE
11385,WARN#2
11386,WARP
11388,WARRANT#2
11394,WASH#2
11400,WASTE#2
11404,WATCH#2
11406,WATCH#4
11407,WATCH#5
11408,WATCH#6
11411,WATER#2
11416,WAVER
11418,WAX#2
11431,WAY#_10
11433,WAY#_12
11438,WEAKEN
11446,WEAR#2
11462,WEEP
11463,WEIGH
11465,WEIGHT#2
11468,WELCOME#1
11480,WELL#6
11487,WENT#1
11497,WHACK
11506,WHEEL#2
11530,WHIP#5
11531,WHIRL
11585,WILL#1
11591,WILT
11593,WIN#1
11597,WINCE
11600,WIND#3
11611,WIRE#2
11618,WISE#5
11620,WISH#2
11625,WITCH#3
11628,WITHDRAW
11630,WITHDREW
11631,WITHER
11632,WITHHELD
11633,WITHHOLD
11636,WITHSTAND
11638,WITNESS#2
11649,WON
11652,WONDER#2
11655,WOO
11671,WORK#3
11685,WORN#2
11690,WORRY#3
11694,WORSEN
11696,WORSHIP#2
11710,WOUND#4
11715,WRECK
11716,WRESTLE
11717,WRETCH
11724,WRITHE
11728,WRONG#2
11739,YAWN
11745,YEARN
11749,YELP
