162,ADHERE
163,ADHERENCE
549,APPALL#1
550,APPALL#2
1091,BETRAY
1092,BETRAYAL
1097,BETTER#3
1200,BOARD#8
1266,BOUND#1
1267,BOUND#2
1268,BOUND#3
1308,BRAVE
1309,BRAVERY
1361,BROKE#5
1578,CAUSE#2
1598,CENSORSHIP
1654,CHARACTER#1
1688,CHEAT#1
1689,CHEAT#2
1792,CLEAN#1
1981,COMMITMENT
2129,CONFESS
2130,CONFESSION
2183,CONSCIENCE
2366,CORRUPT
2367,CORRUPTION
2466,CRIME
2467,CRIMINAL
2659,DECENCY
2744,DELINQUENCY
2745,DELINQUENT
2798,DEPLORABLE
2799,DEPLORE
2830,DESERT#3
2833,DESERVE
2947,DING
2961,DIRTY
3296,DUTY
3322,EARNEST
3606,EQUITABLE
3645,ETHICAL
3646,ETHICS
3876,FAIR#1
3883,FAITH#2
3899,FALSE
4094,FINE#6
4095,FINE#7
4277,FORGIVEN
4347,FRAUD
4636,GOOD-WILL
4638,GOODNESS
4640,GOODWILL
4713,GREED
4767,GUARANTOR
4786,GUILT
4787,GUILTY
4906,HAVE#2
5007,HEROISM
5079,HONEST#1
5080,HONEST#2
5271,IMPARTIAL
5307,IMPOSTOR
5387,INCUMBENT#2
5414,INDICTMENT
5419,INDIGNANT
5450,INEQUITABLE
5451,INEQUITY
5463,INFAMOUS
5512,INJUSTICE
5516,INNOCENCE
5517,INNOCENT
5590,INTEGRITY
5713,IRRESPONSIBLE
5815,JUST#3
5816,JUST#4
5817,JUSTICE
5818,JUSTIFIABLE
5819,JUSTIFIABLY
5820,JUSTIFICATION
6062,LIAR
6069,LIBERATE
6078,LIE#2
6079,LIE#3
6365,MANNER#2
6371,MANSLAUGHTER
6634,MISBEHAVIOR
6670,MISTREATMENT
6733,MORAL
6736,MORALITY
6809,MURDERER
7033,NOTORIOUS
7075,OATH
7086,OBLIGATION
7087,OBLIGE
7124,OFFENCE
7272,OUTLAW
7280,OUTRAGE
7537,PENALTY
7742,PLEDGE
7957,PRETENCE
7960,PRETENSION
7993,PRINCIPLE#2
8032,PROCTOR
8080,PROMISE#5
8417,RECTITUDE
8475,REGRET#1
8476,REGRET#2
8652,RESPONSIBILITY
8653,RESPONSIBLE#1
8654,RESPONSIBLE#2
8766,RIGHT#1
8777,RIGHTEOUS
8778,RIGHTEOUSNESS
8779,RIGHTFUL
8814,ROB
8891,RUE
8999,SATISFACTORILY
9028,SCANDAL
9029,SCANDALOUS
9374,SHRANK
9381,SHRINK
9386,SHRUNK
9452,SINCERE
9453,SINCERITY
9662,SORRY#1
9896,STEAL#1
9897,STEAL#2
9942,STOLE
9943,STOLEN#1
9944,STOLEN#2
10197,SUPPOSE#2
10401,TELLING
10413,TEMPTATION
10471,THEFT
10504,THIEF
10505,THIEVES
10778,TREASON
10836,TRUST#2
10846,TRUTHFUL
10989,UNFAIR
11004,UNGRATEFUL
11037,UNJUST
11038,UNJUSTIFIED
11106,UNTRUSTWORTHY
11258,VICE#1
11291,VIOLATE
11292,VIOLATION
11564,WICKED
11703,WORTHINESS
11705,WORTHY
11728,WRONG#2
