77,ACCOMPANY#2
165,ADHESION
166,ADHESIVE
171,ADJUNCT
499,ANOMALOUS
500,ANOMALY
645,ARRANGEMENT
720,ASSIMILATE
727,ASSOCIATE#3
957,BASIC#2
1061,BEND#2
1596,CEMENT#2
1626,CHAIN#2
1825,CLOCK#2
1827,CLOSE#1
1833,CLOSE#7
1887,COHERENT
1888,COHESION
1893,COINCIDE
1895,COINCIDENT
1938,COMBINE#2
1970,COMMENSURATE
2040,COMPLEMENT#2
2041,COMPLEMENTARY
2063,COMPOUND#1
2069,COMPRESS#2
2071,COMPRISE
2086,CONCENTRATION#1
2109,CONDENSE
2118,CONDUCIVE
2175,CONJUNCTION
2207,CONSIST
2224,CONSTITUTE
2244,CONTAIN
2273,CONTINUITY
2285,CONTRAST#2
2332,COORDINATION
2360,CORRESPOND
2399,COUPLE#3
2435,CRAWL#2
2505,CROWD#3
2529,CULMINATION
2535,CULTIVATION
2925,DIFFER
3083,DISSIMILAR
3278,DUE#4
3401,EIGHTH#2
3526,ENGAGE#1
3597,EQUAL#3
3819,EXTENT
3905,FAMILIARIZE
4008,FELLOW#2
4053,FIFTEENTH
4115,FIRST#1
4116,FIRST#2
4117,FIRST#3
4118,FIRST#4
4127,FIT#1
4137,FIX#3
4829,HAND#3
4833,HAND#7
4847,HANG#2
4849,HANG#4
4905,HAVE#1
5024,HIERARCHY
5043,HINGE#2
5157,HUNG#2
5205,IDENTICAL
5358,INCLUDE
5377,INCORPORATE#2
5564,INSTEAD#2
5609,INTERDEPENDENCE
5687,INVOLVE#2
5688,INVOLVE#3
5720,ISOLATE#2
5770,JOIN#3
5773,JOINTLY
5937,LAST#2
6098,LIKE#1
6292,MAGNETIC
6543,MERGER
6612,MINGLE
6626,MINUS
6678,MIX#1
6681,MIX#4
6766,MOUNT#2
7103,OBTAINABLE
7139,OFFSET
7195,OPPOSE#3
7196,OPPOSITE
7228,ORGANIZE#1
7340,OWN#1
7341,OWN#2
7357,PACK#3
7422,PART#3
7662,PIN#2
7771,POINT#4
7806,POOL#2
7835,POSSESS
7836,POSSESSION
7888,PRECEDE#2
8494,RELATE#1
8496,RELATED#1
8502,RELATIONSHIP
8689,RETENTION
8886,RUB#1
8973,SAME
9114,SECOND#1
9116,SECOND#3
9198,SEPARATE#1
9199,SEPARATE#2
9201,SEPARATION
9403,SIDE#1
9435,SIMILAR#1
9667,SORT#4
10299,SYNTHESIS
10346,TANGLE
10351,TAP#2
10433,TERM#4
10502,THICKEN
10513,THIRD#1
10515,THIRD#3
10578,TIE#1
10580,TIE#3
10652,TOGETHER
10694,TOUCH#1
10715,TOWARD#2
10750,TRANSFER#1
10865,TURN#2
10869,TURN#6
10944,UNDER#2
11012,UNIFICATION
11030,UNITE#5
11044,UNLIKE
11242,VERSUS
11430,WAY#9
