52,ABUSE#1
53,ABUSE#2
113,ACKNOWLEDGMENT
182,ADMIRAL#1
183,ADMIRAL#2
184,ADMIRATION
185,ADMIRE
188,ADMISSION
189,ADMIT#1
191,ADMIT#3
274,AGE#2
317,AIR#3
384,ALMIGHTY
467,ANCESTOR
523,ANXIOUS#1
547,APOLOGIZE
548,APOLOGY
566,APPLAUSE
580,APPRECIATE
581,APPRECIATION
588,APPROPRIATE#1
591,APPROVAL
592,APPROVE#1
593,APPROVE#2
689,ASHAMED
700,ASSAIL
832,AVERAGE#1
841,AWAIT
901,BALL#3
902,BALL#4
928,BANQUET
960,BASTARD
984,BEAR#2
988,BEAR#6
1026,BEG
1051,BELITTLE
1075,BERATE
1096,BETTER#2
1110,BIGOTRY
1121,BIRTHDAY
1122,BIRTHPLACE
1448,CADILLAC
1590,CELEBRATE
1591,CELEBRATION
1612,CEREMONY
1716,CHILDISH
1783,CLASS
1921,COLONEL
1967,COMMEND
1968,COMMENDABLE
2039,COMPLEMENT#1
2040,COMPLEMENT#2
2132,CONFIDE
2133,CONFIDENCE#1
2134,CONFIDENCE#2
2164,CONGRATULATE
2165,CONGRATULATION
2394,COUNTRY#3
2400,COURAGE
2401,COURAGEOUS
2420,COWARD
2452,CREDIT#2
2454,CREDIT#4
2455,CREDITABLE
2477,CRITICISM
2478,CRITICIZE
2506,CROWN#1
2533,CULTIVATE#1
2725,DEGRADE
2893,DEVIANT
2938,DIGNITY
2977,DISAPPROVE
3021,DISCRIMINATION
3022,DISCRIMINATORY
3028,DISGRACE
3092,DISTINGIUSH#1
3094,DISTINGUISH#1
3176,DOUBLE#3
3193,DR
3194,DR.
3374,EDUCATED#1
3415,ELDER#1
3418,ELDEST
3575,ENTITLE
3599,EQUALITY
3734,EXCLUSIVE
3735,EXCLUSIVENESS
3855,FACE#5
3902,FAME
3909,FAMOUS
4143,FLAG
4177,FLOOR#3
4236,FOOL#1
4264,FOREMOST
4287,FORMAL
4425,FUN#2
4520,GENTLEMAN
4521,GENTLEMEN
4560,GIVE#3
4686,GRATEFUL
4689,GRATITUDE
4711,GREATNESS
4749,GROW#2
4777,GUEST
5003,HERO
5004,HEROIC
5006,HEROINE
5073,HOMAGE
5085,HONOR#1
5086,HONOR#2
5087,HONOR#3
5088,HONORABLE
5114,HOST
5115,HOSTESS
5144,HUMBLE
5148,HUMILITY
5253,IMMATURE
5254,IMMATURITY
5314,IMPRESS#1
5317,IMPRESSIVE
5430,INDIVIDUALITY
5449,INEQUALITY
5471,INFERIORITY
5488,INFORMAL
5541,INSINUATE
5542,INSINUATION
5582,INSULT
5645,INTOLERANCE
5742,JANITOR
5807,JUNIOR#2
5822,JUVENILE
5844,KID#1
5869,KNEEL
5870,KNELT
5888,KNOWN#2
5909,LADY
5954,LAUGH#3
6113,LIMOUSINE
6147,LIVE#6
6206,LORD
6210,LOSER
6450,MATURE#1
6451,MATURE#2
6452,MATURE#3
6453,MATURITY
6494,MEDAL
6544,MERIT#1
6545,MERIT#2
6667,MISTER
6669,MISTREAT
6689,MOCK
6698,MODEST
6728,MONUMENT
6848,NAME#5
6983,NOBLE
7022,NOTABLE
7025,NOTE#3
7026,NOTEWORTHY
7125,OFFEND
7508,PAY#5
7526,PEASANT
7531,PEER
7593,PERSONAL#1
7594,PERSONAL#2
7640,PICK#3
7710,PLAQUE
7733,PLEASE#1
7778,POISE#1
7792,POLITE
7910,PREJUDICE
7952,PRESTIGE
7979,PRIDE
8003,PRIVACY
8004,PRIVATE#1
8009,PRIVILEGE
8012,PRIZE
8106,PROPRIETY
8124,PROUD
8215,QUEEN
8296,RASCAL
8370,REBUKE
8385,RECKLESS
8459,REGARD#3
8553,RENOWN
8597,REPUDIATE
8598,REPUGNANT
8601,REPUTABLE
8602,REPUTATION
8640,RESPECT#1
8641,RESPECT#2
8644,RESPECT#5
8645,RESPECTABLE
8713,REVERENCE
8758,RIDE#3
8762,RIDICULE#1
8763,RIDICULE#2
8764,RIDICULOUS
8884,ROYAL
8885,ROYALTY
8979,SANCTITY
8997,SATIRE
9064,SCOLD#1
9065,SCOLD#2
9162,SELF-RESPECT
9163,SELFISH
9179,SENIOR#2
9215,SERVE#3
9270,SHAKE#2
9275,SHAME
9369,SHOW#4
9391,SHUT#2
9465,SIR
9503,SLANDERER
9528,SLIGHT#4
9529,SLIGHT#5
9723,SPECTACLE
9840,STAND#6
9869,STATELY
9871,STATESMAN
9872,STATESMEN
9882,STATUS#1
9886,STAUNCH
9925,STIGMA
10077,SUBLIME
10253,SWEAR
10284,SWORE
10402,TEMERITY
10434,TERM#5
10552,THRONE
10660,TOLERANCE
10661,TOLERANT
10728,TRADITION
10729,TRADITIONAL
10799,TRIBUTE
10844,TRUSTWORTHY
11002,UNFORTUNATE#3
11072,UNRELIABLE
11114,UNWORTHY
11195,VALOR
11224,VENGEANCE
11334,VOW
11336,VULGAR
11429,WAY#8
11539,WHITE#3
11699,WORTH#2
